Name,kz
北海道,TRUE
青森県,TRUE
岩手県,TRUE
宮城県,TRUE
秋田県,TRUE
山形県,TRUE
福島県,TRUE
茨城県,TRUE
栃木県,TRUE
群馬県,TRUE
埼玉県,TRUE
千葉県,TRUE
東京都,TRUE
神奈川県,TRUE
新潟県,TRUE
富山県,TRUE
石川県,TRUE
福井県,TRUE
山梨県,TRUE
長野県,TRUE
岐阜県,TRUE
静岡県,TRUE
愛知県,TRUE
三重県,TRUE
滋賀県,TRUE
京都府,TRUE
大阪府,TRUE
兵庫県,TRUE
奈良県,TRUE
和歌山県,TRUE
鳥取県,TRUE
島根県,TRUE
岡山県,TRUE
広島県,TRUE
山口県,TRUE
徳島県,TRUE
香川県,TRUE
愛媛県,TRUE
高知県,TRUE
福岡県,TRUE
佐賀県,TRUE
長崎県,TRUE
熊本県,TRUE
大分県,TRUE
宮崎県,TRUE
鹿児島県,TRUE
沖縄県,TRUE
青森,TRUE
岩手,TRUE
宮城,TRUE
秋田,TRUE
山形,TRUE
福島,TRUE
茨城,TRUE
栃木,TRUE
群馬,TRUE
埼玉,TRUE
千葉,TRUE
東京,TRUE
神奈川,TRUE
新潟,TRUE
富山,TRUE
石川,TRUE
福井,TRUE
山梨,TRUE
長野,TRUE
岐阜,TRUE
静岡,TRUE
愛知,TRUE
三重,TRUE
滋賀,TRUE
京都,TRUE
大阪,TRUE
兵庫,TRUE
奈良,TRUE
和歌山,TRUE
鳥取,TRUE
島根,TRUE
岡山,TRUE
広島,TRUE
山口,TRUE
徳島,TRUE
香川,TRUE
愛媛,TRUE
高知,TRUE
福岡,TRUE
佐賀,TRUE
長崎,TRUE
熊本,TRUE
大分,TRUE
宮崎,TRUE
鹿児島,TRUE
沖縄,TRUE
札幌市,TRUE
松前郡,TRUE
久遠郡,TRUE
島牧郡,TRUE
積丹郡,TRUE
古平郡,TRUE
礼文郡,TRUE
石狩郡,TRUE
上磯郡,TRUE
亀田郡,TRUE
茅部郡,TRUE
二海郡,TRUE
山越郡,TRUE
檜山郡,TRUE
蘂取郡,TRUE
爾志郡,TRUE
奥尻郡,TRUE
瀬棚郡,TRUE
寿都郡,TRUE
磯谷郡,TRUE
虻田郡,TRUE
岩内郡,TRUE
古宇郡,TRUE
余市郡,TRUE
空知郡,TRUE
夕張郡,TRUE
樺戸郡,TRUE
雨竜郡,TRUE
上川郡,TRUE
勇払郡,TRUE
中川郡,TRUE
増毛郡,TRUE
留萌郡,TRUE
苫前郡,TRUE
天塩郡,TRUE
宗谷郡,TRUE
枝幸郡,TRUE
利尻郡,TRUE
網走郡,TRUE
斜里郡,TRUE
常呂郡,TRUE
紋別郡,TRUE
有珠郡,TRUE
白老郡,TRUE
沙流郡,TRUE
新冠郡,TRUE
浦河郡,TRUE
様似郡,TRUE
幌泉郡,TRUE
日高郡,TRUE
河東郡,TRUE
河西郡,TRUE
広尾郡,TRUE
足寄郡,TRUE
十勝郡,TRUE
釧路郡,TRUE
厚岸郡,TRUE
川上郡,TRUE
阿寒郡,TRUE
白糠郡,TRUE
野付郡,TRUE
標津郡,TRUE
目梨郡,TRUE
色丹郡,TRUE
国後郡,TRUE
択捉郡,TRUE
紗那郡,TRUE
東津軽郡,TRUE
西津軽郡,TRUE
下北郡,TRUE
三戸郡,TRUE
中津軽郡,TRUE
南津軽郡,TRUE
北津軽郡,TRUE
上北郡,TRUE
下閉伊郡,TRUE
九戸郡,TRUE
岩手郡,TRUE
紫波郡,TRUE
和賀郡,TRUE
胆沢郡,TRUE
西磐井郡,TRUE
気仙郡,TRUE
上閉伊郡,TRUE
二戸郡,TRUE
仙台市,TRUE
牡鹿郡,TRUE
本吉郡,TRUE
宮城郡,TRUE
刈田郡,TRUE
柴田郡,TRUE
伊具郡,TRUE
亘理郡,TRUE
黒川郡,TRUE
加美郡,TRUE
遠田郡,TRUE
鹿角郡,TRUE
北秋田郡,TRUE
山本郡,TRUE
南秋田郡,TRUE
仙北郡,TRUE
雄勝郡,TRUE
東村山郡,TRUE
西村山郡,TRUE
北村山郡,TRUE
最上郡,TRUE
東置賜郡,TRUE
西置賜郡,TRUE
東田川郡,TRUE
飽海郡,TRUE
伊達郡,TRUE
安達郡,TRUE
岩瀬郡,TRUE
南会津郡,TRUE
耶麻郡,TRUE
河沼郡,TRUE
大沼郡,TRUE
西白河郡,TRUE
東白川郡,TRUE
石川郡,TRUE
田村郡,TRUE
双葉郡,TRUE
相馬郡,TRUE
東茨城郡,TRUE
那珂郡,TRUE
久慈郡,TRUE
稲敷郡,TRUE
結城郡,TRUE
猿島郡,TRUE
北相馬郡,TRUE
河内郡,TRUE
芳賀郡,TRUE
下都賀郡,TRUE
塩谷郡,TRUE
那須郡,TRUE
北群馬郡,TRUE
多野郡,TRUE
甘楽郡,TRUE
吾妻郡,TRUE
利根郡,TRUE
佐波郡,TRUE
邑楽郡,TRUE
さいたま市,TRUE
北足立郡,TRUE
入間郡,TRUE
比企郡,TRUE
秩父郡,TRUE
児玉郡,TRUE
大里郡,TRUE
南埼玉郡,TRUE
北葛飾郡,TRUE
千葉市,TRUE
印旛郡,TRUE
香取郡,TRUE
山武郡,TRUE
長生郡,TRUE
夷隅郡,TRUE
安房郡,TRUE
西多摩郡,TRUE
大島支庁,TRUE
小笠原支庁,TRUE
三宅支庁,TRUE
八丈支庁,TRUE
横浜市,TRUE
川崎市,TRUE
相模原市,TRUE
三浦郡,TRUE
高座郡,TRUE
中郡,TRUE
足柄上郡,TRUE
足柄下郡,TRUE
愛甲郡,TRUE
新潟市,TRUE
北蒲原郡,TRUE
西蒲原郡,TRUE
南蒲原郡,TRUE
岩船郡,TRUE
東蒲原郡,TRUE
三島郡,TRUE
南魚沼郡,TRUE
中魚沼郡,TRUE
刈羽郡,TRUE
中新川郡,TRUE
下新川郡,TRUE
能美郡,TRUE
河北郡,TRUE
羽咋郡,TRUE
鹿島郡,TRUE
鳳珠郡,TRUE
吉田郡,TRUE
今立郡,TRUE
南条郡,TRUE
丹生郡,TRUE
三方郡,TRUE
大飯郡,TRUE
三方上中郡,TRUE
西八代郡,TRUE
南巨摩郡,TRUE
中巨摩郡,TRUE
南都留郡,TRUE
北都留郡,TRUE
南佐久郡,TRUE
北佐久郡,TRUE
小県郡,TRUE
諏訪郡,TRUE
上伊那郡,TRUE
下伊那郡,TRUE
木曽郡,TRUE
東筑摩郡,TRUE
北安曇郡,TRUE
埴科郡,TRUE
上高井郡,TRUE
下高井郡,TRUE
上水内郡,TRUE
下水内郡,TRUE
羽島郡,TRUE
養老郡,TRUE
不破郡,TRUE
安八郡,TRUE
揖斐郡,TRUE
本巣郡,TRUE
加茂郡,TRUE
可児郡,TRUE
大野郡,TRUE
静岡市,TRUE
浜松市,TRUE
賀茂郡,TRUE
田方郡,TRUE
駿東郡,TRUE
榛原郡,TRUE
周智郡,TRUE
名古屋市,TRUE
愛知郡,TRUE
西春日井郡,TRUE
丹羽郡,TRUE
海部郡,TRUE
知多郡,TRUE
額田郡,TRUE
北設楽郡,TRUE
度会郡,TRUE
北牟婁郡,TRUE
桑名郡,TRUE
員弁郡,TRUE
三重郡,TRUE
多気郡,TRUE
南牟婁郡,TRUE
蒲生郡,TRUE
犬上郡,TRUE
京都市,TRUE
乙訓郡,TRUE
久世郡,TRUE
綴喜郡,TRUE
相楽郡,TRUE
船井郡,TRUE
与謝郡,TRUE
大阪市,TRUE
堺市,TRUE
豊能郡,TRUE
泉北郡,TRUE
泉南郡,TRUE
南河内郡,TRUE
神戸市,TRUE
美方郡,TRUE
川辺郡,TRUE
多可郡,TRUE
加古郡,TRUE
神崎郡,TRUE
揖保郡,TRUE
赤穂郡,TRUE
佐用郡,TRUE
山辺郡,TRUE
生駒郡,TRUE
磯城郡,TRUE
宇陀郡,TRUE
高市郡,TRUE
北葛城郡,TRUE
吉野郡,TRUE
東牟婁郡,TRUE
西牟婁郡,TRUE
海草郡,TRUE
伊都郡,TRUE
有田郡,TRUE
岩美郡,TRUE
八頭郡,TRUE
東伯郡,TRUE
西伯郡,TRUE
日野郡,TRUE
仁多郡,TRUE
飯石郡,TRUE
邑智郡,TRUE
鹿足郡,TRUE
隠岐郡,TRUE
岡山市,TRUE
和気郡,TRUE
都窪郡,TRUE
浅口郡,TRUE
小田郡,TRUE
真庭郡,TRUE
苫田郡,TRUE
勝田郡,TRUE
英田郡,TRUE
久米郡,TRUE
加賀郡,TRUE
広島市,TRUE
安芸郡,TRUE
山県郡,TRUE
豊田郡,TRUE
世羅郡,TRUE
神石郡,TRUE
阿武郡,TRUE
大島郡,TRUE
玖珂郡,TRUE
熊毛郡,TRUE
勝浦郡,TRUE
名東郡,TRUE
名西郡,TRUE
那賀郡,TRUE
板野郡,TRUE
美馬郡,TRUE
三好郡,TRUE
小豆郡,TRUE
木田郡,TRUE
香川郡,TRUE
綾歌郡,TRUE
仲多度郡,TRUE
越智郡,TRUE
上浮穴郡,TRUE
伊予郡,TRUE
喜多郡,TRUE
西宇和郡,TRUE
南宇和郡,TRUE
北宇和郡,TRUE
幡多郡,TRUE
長岡郡,TRUE
土佐郡,TRUE
吾川郡,TRUE
高岡郡,TRUE
北九州市,TRUE
福岡市,TRUE
糟屋郡,TRUE
遠賀郡,TRUE
鞍手郡,TRUE
嘉穂郡,TRUE
朝倉郡,TRUE
三井郡,TRUE
三潴郡,TRUE
八女郡,TRUE
田川郡,TRUE
京都郡,TRUE
築上郡,TRUE
神埼郡,TRUE
三養基郡,TRUE
東松浦郡,TRUE
西松浦郡,TRUE
杵島郡,TRUE
藤津郡,TRUE
南松浦郡,TRUE
西彼杵郡,TRUE
東彼杵郡,TRUE
北松浦郡,TRUE
熊本市,TRUE
下益城郡,TRUE
玉名郡,TRUE
菊池郡,TRUE
阿蘇郡,TRUE
上益城郡,TRUE
八代郡,TRUE
葦北郡,TRUE
球磨郡,TRUE
天草郡,TRUE
東国東郡,TRUE
速見郡,TRUE
玖珠郡,TRUE
東臼杵郡,TRUE
北諸県郡,TRUE
西諸県郡,TRUE
東諸県郡,TRUE
児湯郡,TRUE
西臼杵郡,TRUE
鹿児島郡,TRUE
肝属郡,TRUE
出水郡,TRUE
姶良郡,TRUE
曽於郡,TRUE
薩摩郡,TRUE
八重山郡,TRUE
島尻郡,TRUE
国頭郡,TRUE
中頭郡,TRUE
宮古郡,TRUE
札幌,TRUE
松前,TRUE
久遠,TRUE
島牧,TRUE
積丹,TRUE
古平,TRUE
礼文,TRUE
石狩,TRUE
上磯,TRUE
亀田,TRUE
茅部,TRUE
二海,TRUE
山越,TRUE
檜山,TRUE
蘂取,TRUE
爾志,TRUE
奥尻,TRUE
瀬棚,TRUE
寿都,TRUE
磯谷,TRUE
虻田,TRUE
岩内,TRUE
古宇,TRUE
空知,TRUE
夕張,TRUE
樺戸,TRUE
雨竜,TRUE
上川,TRUE
勇払,TRUE
中川,TRUE
増毛,TRUE
留萌,TRUE
苫前,TRUE
天塩,TRUE
宗谷,TRUE
枝幸,TRUE
利尻,TRUE
網走,TRUE
斜里,TRUE
常呂,TRUE
紋別,TRUE
有珠,TRUE
白老,TRUE
沙流,TRUE
新冠,TRUE
浦河,TRUE
様似,TRUE
幌泉,TRUE
日高,TRUE
河東,TRUE
河西,TRUE
広尾,TRUE
足寄,TRUE
十勝,TRUE
釧路,TRUE
厚岸,TRUE
川上,TRUE
阿寒,TRUE
白糠,TRUE
野付,TRUE
標津,TRUE
目梨,TRUE
色丹,TRUE
国後,TRUE
択捉,TRUE
紗那,TRUE
東津軽,TRUE
西津軽,TRUE
下北,TRUE
三戸,TRUE
中津軽,TRUE
南津軽,TRUE
北津軽,TRUE
上北,TRUE
下閉伊,TRUE
九戸,TRUE
紫波,TRUE
和賀,TRUE
胆沢,TRUE
西磐井,TRUE
気仙,TRUE
上閉伊,TRUE
二戸,TRUE
仙台,TRUE
牡鹿,TRUE
本吉,TRUE
刈田,TRUE
柴田,TRUE
伊具,TRUE
亘理,TRUE
黒川,TRUE
加美,TRUE
遠田,TRUE
鹿角,TRUE
北秋田,TRUE
山本,TRUE
南秋田,TRUE
仙北,TRUE
雄勝,TRUE
東村山,TRUE
西村山,TRUE
北村山,TRUE
最上,TRUE
東置賜,TRUE
西置賜,TRUE
東田川,TRUE
飽海,TRUE
伊達,TRUE
安達,TRUE
岩瀬,TRUE
南会津,TRUE
耶麻,TRUE
河沼,TRUE
大沼,TRUE
西白河,TRUE
東白川,TRUE
田村,TRUE
双葉,TRUE
相馬,TRUE
東茨城,TRUE
那珂,TRUE
久慈,TRUE
稲敷,TRUE
結城,TRUE
猿島,TRUE
北相馬,TRUE
河内,TRUE
芳賀,TRUE
下都賀,TRUE
塩谷,TRUE
那須,TRUE
北群馬,TRUE
多野,TRUE
甘楽,TRUE
吾妻,TRUE
利根,TRUE
佐波,TRUE
邑楽,TRUE
北足立,TRUE
入間,TRUE
比企,TRUE
秩父,TRUE
児玉,TRUE
大里,TRUE
南埼玉,TRUE
北葛飾,TRUE
印旛,TRUE
香取,TRUE
山武,TRUE
長生,TRUE
夷隅,TRUE
安房,TRUE
西多摩,TRUE
大島,TRUE
小笠原,TRUE
三宅,TRUE
八丈,TRUE
横浜,TRUE
川崎,TRUE
相模原,TRUE
三浦,TRUE
高座,TRUE
足柄上,TRUE
足柄下,TRUE
愛甲,TRUE
北蒲原,TRUE
西蒲原,TRUE
南蒲原,TRUE
岩船,TRUE
東蒲原,TRUE
三島,TRUE
南魚沼,TRUE
中魚沼,TRUE
刈羽,TRUE
中新川,TRUE
下新川,TRUE
能美,TRUE
河北,TRUE
羽咋,TRUE
鹿島,TRUE
鳳珠,TRUE
吉田,TRUE
今立,TRUE
南条,TRUE
丹生,TRUE
三方,TRUE
大飯,TRUE
三方上中,TRUE
西八代,TRUE
南巨摩,TRUE
中巨摩,TRUE
南都留,TRUE
北都留,TRUE
南佐久,TRUE
北佐久,TRUE
小県,TRUE
諏訪,TRUE
上伊那,TRUE
下伊那,TRUE
木曽,TRUE
東筑摩,TRUE
北安曇,TRUE
埴科,TRUE
上高井,TRUE
下高井,TRUE
上水内,TRUE
下水内,TRUE
羽島,TRUE
養老,TRUE
不破,TRUE
安八,TRUE
揖斐,TRUE
本巣,TRUE
加茂,TRUE
可児,TRUE
大野,TRUE
浜松,TRUE
賀茂,TRUE
田方,TRUE
駿東,TRUE
榛原,TRUE
周智,TRUE
名古屋,TRUE
西春日井,TRUE
丹羽,TRUE
海部,TRUE
知多,TRUE
額田,TRUE
北設楽,TRUE
度会,TRUE
北牟婁,TRUE
桑名,TRUE
員弁,TRUE
多気,TRUE
南牟婁,TRUE
蒲生,TRUE
犬上,TRUE
乙訓,TRUE
久世,TRUE
綴喜,TRUE
相楽,TRUE
船井,TRUE
与謝,TRUE
豊能,TRUE
泉北,TRUE
泉南,TRUE
南河内,TRUE
神戸,TRUE
美方,TRUE
川辺,TRUE
多可,TRUE
加古,TRUE
神崎,TRUE
揖保,TRUE
赤穂,TRUE
佐用,TRUE
山辺,TRUE
生駒,TRUE
磯城,TRUE
宇陀,TRUE
北葛城,TRUE
吉野,TRUE
東牟婁,TRUE
西牟婁,TRUE
海草,TRUE
伊都,TRUE
有田,TRUE
岩美,TRUE
八頭,TRUE
東伯,TRUE
西伯,TRUE
日野,TRUE
仁多,TRUE
飯石,TRUE
邑智,TRUE
鹿足,TRUE
隠岐,TRUE
和気,TRUE
都窪,TRUE
浅口,TRUE
小田,TRUE
真庭,TRUE
苫田,TRUE
勝田,TRUE
英田,TRUE
久米,TRUE
加賀,TRUE
安芸,TRUE
山県,TRUE
豊田,TRUE
世羅,TRUE
神石,TRUE
阿武,TRUE
玖珂,TRUE
熊毛,TRUE
勝浦,TRUE
名東,TRUE
名西,TRUE
那賀,TRUE
板野,TRUE
美馬,TRUE
三好,TRUE
小豆,TRUE
木田,TRUE
綾歌,TRUE
仲多度,TRUE
越智,TRUE
上浮穴,TRUE
伊予,TRUE
喜多,TRUE
西宇和,TRUE
南宇和,TRUE
北宇和,TRUE
幡多,TRUE
長岡,TRUE
土佐,TRUE
吾川,TRUE
高岡,TRUE
北九州,TRUE
糟屋,TRUE
遠賀,TRUE
鞍手,TRUE
嘉穂,TRUE
朝倉,TRUE
三井,TRUE
三潴,TRUE
八女,TRUE
田川,TRUE
築上,TRUE
神埼,TRUE
三養基,TRUE
東松浦,TRUE
西松浦,TRUE
杵島,TRUE
藤津,TRUE
南松浦,TRUE
西彼杵,TRUE
東彼杵,TRUE
北松浦,TRUE
下益城,TRUE
玉名,TRUE
菊池,TRUE
阿蘇,TRUE
上益城,TRUE
八代,TRUE
葦北,TRUE
球磨,TRUE
天草,TRUE
東国東,TRUE
速見,TRUE
玖珠,TRUE
東臼杵,TRUE
北諸県,TRUE
西諸県,TRUE
東諸県,TRUE
児湯,TRUE
西臼杵,TRUE
肝属,TRUE
出水,TRUE
姶良,TRUE
曽於,TRUE
薩摩,TRUE
八重山,TRUE
島尻,TRUE
国頭,TRUE
中頭,TRUE
宮古,TRUE
中央区,TRUE
北区,TRUE
東区,TRUE
白石区,TRUE
豊平区,TRUE
南区,TRUE
西区,TRUE
厚別区,TRUE
手稲区,TRUE
清田区,TRUE
函館市,TRUE
小樽市,TRUE
室蘭市,TRUE
松前町,TRUE
せたな町,TRUE
島牧村,TRUE
積丹町,TRUE
古平町,TRUE
礼文町,TRUE
旭川市,TRUE
釧路市,TRUE
帯広市,TRUE
北見市,TRUE
夕張市,TRUE
岩見沢市,TRUE
網走市,TRUE
留萌市,TRUE
苫小牧市,TRUE
稚内市,TRUE
美唄市,TRUE
芦別市,TRUE
江別市,TRUE
赤平市,TRUE
紋別市,TRUE
士別市,TRUE
名寄市,TRUE
三笠市,TRUE
根室市,TRUE
千歳市,TRUE
滝川市,TRUE
砂川市,TRUE
歌志内市,TRUE
深川市,TRUE
富良野市,TRUE
登別市,TRUE
恵庭市,TRUE
伊達市,TRUE
北広島市,TRUE
石狩市,TRUE
北斗市,TRUE
当別町,TRUE
新篠津村,TRUE
福島町,TRUE
知内町,TRUE
木古内町,TRUE
七飯町,TRUE
鹿部町,TRUE
森町,TRUE
八雲町,TRUE
長万部町,TRUE
江差町,TRUE
上ノ国町,TRUE
蘂取村,TRUE
厚沢部町,TRUE
乙部町,TRUE
奥尻町,TRUE
今金町,TRUE
寿都町,TRUE
黒松内町,TRUE
蘭越町,TRUE
ニセコ町,TRUE
真狩村,TRUE
留寿都村,TRUE
喜茂別町,TRUE
京極町,TRUE
倶知安町,TRUE
共和町,TRUE
岩内町,TRUE
泊村,TRUE
神恵内村,TRUE
仁木町,TRUE
余市町,TRUE
赤井川村,TRUE
南幌町,TRUE
奈井江町,TRUE
上砂川町,TRUE
由仁町,TRUE
長沼町,TRUE
栗山町,TRUE
月形町,TRUE
浦臼町,TRUE
新十津川町,TRUE
妹背牛町,TRUE
秩父別町,TRUE
雨竜町,TRUE
北竜町,TRUE
沼田町,TRUE
鷹栖町,TRUE
東神楽町,TRUE
当麻町,TRUE
比布町,TRUE
愛別町,TRUE
上川町,TRUE
東川町,TRUE
美瑛町,TRUE
上富良野町,TRUE
中富良野町,TRUE
南富良野町,TRUE
占冠村,TRUE
和寒町,TRUE
剣淵町,TRUE
下川町,TRUE
美深町,TRUE
音威子府村,TRUE
中川町,TRUE
幌加内町,TRUE
増毛町,TRUE
小平町,TRUE
苫前町,TRUE
羽幌町,TRUE
初山別村,TRUE
遠別町,TRUE
天塩町,TRUE
猿払村,TRUE
浜頓別町,TRUE
中頓別町,TRUE
枝幸町,TRUE
豊富町,TRUE
利尻町,TRUE
利尻富士町,TRUE
幌延町,TRUE
美幌町,TRUE
津別町,TRUE
斜里町,TRUE
清里町,TRUE
小清水町,TRUE
訓子府町,TRUE
置戸町,TRUE
佐呂間町,TRUE
遠軽町,TRUE
湧別町,TRUE
滝上町,TRUE
興部町,TRUE
西興部村,TRUE
雄武町,TRUE
大空町,TRUE
豊浦町,TRUE
壮瞥町,TRUE
白老町,TRUE
厚真町,TRUE
洞爺湖町,TRUE
安平町,TRUE
むかわ町,TRUE
日高町,TRUE
平取町,TRUE
新冠町,TRUE
浦河町,TRUE
様似町,TRUE
えりも町,TRUE
新ひだか町,TRUE
音更町,TRUE
士幌町,TRUE
上士幌町,TRUE
鹿追町,TRUE
新得町,TRUE
清水町,TRUE
芽室町,TRUE
中札内村,TRUE
更別村,TRUE
大樹町,TRUE
広尾町,TRUE
幕別町,TRUE
池田町,TRUE
豊頃町,TRUE
本別町,TRUE
足寄町,TRUE
陸別町,TRUE
浦幌町,TRUE
釧路町,TRUE
厚岸町,TRUE
浜中町,TRUE
標茶町,TRUE
弟子屈町,TRUE
鶴居村,TRUE
白糠町,TRUE
別海町,TRUE
中標津町,TRUE
標津町,TRUE
羅臼町,TRUE
色丹村,TRUE
留夜別村,TRUE
留別村,TRUE
紗那村,TRUE
青森市,TRUE
弘前市,TRUE
八戸市,TRUE
黒石市,TRUE
五所川原市,TRUE
十和田市,TRUE
三沢市,TRUE
むつ市,TRUE
つがる市,TRUE
平川市,TRUE
平内町,TRUE
今別町,TRUE
蓬田村,TRUE
外ヶ浜町,TRUE
深浦町,TRUE
東通村,TRUE
佐井村,TRUE
三戸町,TRUE
五戸町,TRUE
田子町,TRUE
南部町,TRUE
階上町,TRUE
新郷村,TRUE
盛岡市,TRUE
宮古市,TRUE
鰺ヶ沢町,TRUE
西目屋村,TRUE
藤崎町,TRUE
大鰐町,TRUE
田舎館村,TRUE
板柳町,TRUE
鶴田町,TRUE
中泊町,TRUE
野辺地町,TRUE
七戸町,TRUE
六戸町,TRUE
横浜町,TRUE
東北町,TRUE
六ヶ所村,TRUE
おいらせ町,TRUE
大間町,TRUE
風間浦村,TRUE
釜石市,TRUE
山田町,TRUE
岩泉町,TRUE
大船渡市,TRUE
陸前高田市,TRUE
洋野町,TRUE
田野畑村,TRUE
普代村,TRUE
花巻市,TRUE
北上市,TRUE
久慈市,TRUE
遠野市,TRUE
一関市,TRUE
二戸市,TRUE
八幡平市,TRUE
奥州市,TRUE
滝沢市,TRUE
雫石町,TRUE
葛巻町,TRUE
岩手町,TRUE
紫波町,TRUE
矢巾町,TRUE
西和賀町,TRUE
金ケ崎町,TRUE
平泉町,TRUE
住田町,TRUE
大槌町,TRUE
軽米町,TRUE
野田村,TRUE
九戸村,TRUE
一戸町,TRUE
青葉区,TRUE
宮城野区,TRUE
若林区,TRUE
太白区,TRUE
泉区,TRUE
石巻市,TRUE
女川町,TRUE
南三陸町,TRUE
気仙沼市,TRUE
塩竈市,TRUE
東松島市,TRUE
七ヶ浜町,TRUE
白石市,TRUE
名取市,TRUE
角田市,TRUE
多賀城市,TRUE
岩沼市,TRUE
登米市,TRUE
栗原市,TRUE
大崎市,TRUE
富谷市,TRUE
蔵王町,TRUE
七ヶ宿町,TRUE
大河原町,TRUE
村田町,TRUE
柴田町,TRUE
川崎町,TRUE
丸森町,TRUE
亘理町,TRUE
山元町,TRUE
松島町,TRUE
利府町,TRUE
大和町,TRUE
大郷町,TRUE
大衡村,TRUE
色麻町,TRUE
加美町,TRUE
涌谷町,TRUE
美里町,TRUE
秋田市,TRUE
能代市,TRUE
横手市,TRUE
大館市,TRUE
男鹿市,TRUE
鶴岡市,TRUE
湯沢市,TRUE
鹿角市,TRUE
由利本荘市,TRUE
潟上市,TRUE
大仙市,TRUE
北秋田市,TRUE
にかほ市,TRUE
仙北市,TRUE
小坂町,TRUE
上小阿仁村,TRUE
藤里町,TRUE
三種町,TRUE
八峰町,TRUE
五城目町,TRUE
八郎潟町,TRUE
井川町,TRUE
大潟村,TRUE
美郷町,TRUE
羽後町,TRUE
東成瀬村,TRUE
山形市,TRUE
米沢市,TRUE
酒田市,TRUE
新庄市,TRUE
寒河江市,TRUE
上山市,TRUE
村山市,TRUE
長井市,TRUE
天童市,TRUE
東根市,TRUE
尾花沢市,TRUE
南陽市,TRUE
山辺町,TRUE
中山町,TRUE
河北町,TRUE
西川町,TRUE
朝日町,TRUE
大江町,TRUE
大石田町,TRUE
金山町,TRUE
最上町,TRUE
舟形町,TRUE
真室川町,TRUE
大蔵村,TRUE
鮭川村,TRUE
戸沢村,TRUE
高畠町,TRUE
川西町,TRUE
小国町,TRUE
白鷹町,TRUE
飯豊町,TRUE
三川町,TRUE
庄内町,TRUE
遊佐町,TRUE
福島市,TRUE
会津若松市,TRUE
郡山市,TRUE
いわき市,TRUE
白河市,TRUE
須賀川市,TRUE
喜多方市,TRUE
相馬市,TRUE
二本松市,TRUE
田村市,TRUE
南相馬市,TRUE
本宮市,TRUE
桑折町,TRUE
国見町,TRUE
川俣町,TRUE
大玉村,TRUE
鏡石町,TRUE
天栄村,TRUE
下郷町,TRUE
檜枝岐村,TRUE
只見町,TRUE
南会津町,TRUE
北塩原村,TRUE
西会津町,TRUE
磐梯町,TRUE
猪苗代町,TRUE
会津坂下町,TRUE
湯川村,TRUE
柳津町,TRUE
三島町,TRUE
昭和村,TRUE
会津美里町,TRUE
西郷村,TRUE
泉崎村,TRUE
中島村,TRUE
矢吹町,TRUE
棚倉町,TRUE
矢祭町,TRUE
塙町,TRUE
鮫川村,TRUE
石川町,TRUE
玉川村,TRUE
平田村,TRUE
浅川町,TRUE
古殿町,TRUE
三春町,TRUE
小野町,TRUE
広野町,TRUE
楢葉町,TRUE
富岡町,TRUE
川内村,TRUE
大熊町,TRUE
双葉町,TRUE
浪江町,TRUE
葛尾村,TRUE
新地町,TRUE
飯舘村,TRUE
水戸市,TRUE
日立市,TRUE
土浦市,TRUE
古河市,TRUE
石岡市,TRUE
結城市,TRUE
龍ケ崎市,TRUE
下妻市,TRUE
常総市,TRUE
常陸太田市,TRUE
高萩市,TRUE
北茨城市,TRUE
笠間市,TRUE
取手市,TRUE
牛久市,TRUE
つくば市,TRUE
ひたちなか市,TRUE
鹿嶋市,TRUE
潮来市,TRUE
守谷市,TRUE
常陸大宮市,TRUE
那珂市,TRUE
筑西市,TRUE
坂東市,TRUE
稲敷市,TRUE
かすみがうら市,TRUE
桜川市,TRUE
神栖市,TRUE
行方市,TRUE
鉾田市,TRUE
つくばみらい市,TRUE
小美玉市,TRUE
茨城町,TRUE
大洗町,TRUE
城里町,TRUE
東海村,TRUE
大子町,TRUE
美浦村,TRUE
阿見町,TRUE
河内町,TRUE
八千代町,TRUE
五霞町,TRUE
境町,TRUE
利根町,TRUE
宇都宮市,TRUE
足利市,TRUE
栃木市,TRUE
佐野市,TRUE
鹿沼市,TRUE
日光市,TRUE
小山市,TRUE
真岡市,TRUE
大田原市,TRUE
矢板市,TRUE
那須塩原市,TRUE
さくら市,TRUE
那須烏山市,TRUE
下野市,TRUE
上三川町,TRUE
益子町,TRUE
茂木町,TRUE
市貝町,TRUE
芳賀町,TRUE
壬生町,TRUE
野木町,TRUE
塩谷町,TRUE
高根沢町,TRUE
那須町,TRUE
那珂川町,TRUE
前橋市,TRUE
高崎市,TRUE
桐生市,TRUE
伊勢崎市,TRUE
太田市,TRUE
沼田市,TRUE
館林市,TRUE
渋川市,TRUE
藤岡市,TRUE
富岡市,TRUE
安中市,TRUE
みどり市,TRUE
榛東村,TRUE
吉岡町,TRUE
上野村,TRUE
神流町,TRUE
下仁田町,TRUE
南牧村,TRUE
甘楽町,TRUE
中之条町,TRUE
長野原町,TRUE
嬬恋村,TRUE
草津町,TRUE
高山村,TRUE
東吾妻町,TRUE
片品村,TRUE
川場村,TRUE
みなかみ町,TRUE
玉村町,TRUE
板倉町,TRUE
明和町,TRUE
千代田町,TRUE
大泉町,TRUE
邑楽町,TRUE
大宮区,TRUE
見沼区,TRUE
桜区,TRUE
浦和区,TRUE
緑区,TRUE
岩槻区,TRUE
川越市,TRUE
熊谷市,TRUE
川口市,TRUE
行田市,TRUE
秩父市,TRUE
所沢市,TRUE
飯能市,TRUE
加須市,TRUE
本庄市,TRUE
東松山市,TRUE
春日部市,TRUE
狭山市,TRUE
羽生市,TRUE
鴻巣市,TRUE
深谷市,TRUE
上尾市,TRUE
草加市,TRUE
越谷市,TRUE
蕨市,TRUE
戸田市,TRUE
入間市,TRUE
朝霞市,TRUE
志木市,TRUE
和光市,TRUE
新座市,TRUE
桶川市,TRUE
久喜市,TRUE
北本市,TRUE
八潮市,TRUE
富士見市,TRUE
三郷市,TRUE
蓮田市,TRUE
坂戸市,TRUE
幸手市,TRUE
鶴ヶ島市,TRUE
日高市,TRUE
吉川市,TRUE
ふじみ野市,TRUE
白岡市,TRUE
伊奈町,TRUE
三芳町,TRUE
毛呂山町,TRUE
越生町,TRUE
滑川町,TRUE
嵐山町,TRUE
小川町,TRUE
川島町,TRUE
吉見町,TRUE
鳩山町,TRUE
ときがわ町,TRUE
横瀬町,TRUE
皆野町,TRUE
長瀞町,TRUE
小鹿野町,TRUE
東秩父村,TRUE
神川町,TRUE
上里町,TRUE
寄居町,TRUE
宮代町,TRUE
杉戸町,TRUE
松伏町,TRUE
花見川区,TRUE
稲毛区,TRUE
若葉区,TRUE
美浜区,TRUE
銚子市,TRUE
市川市,TRUE
船橋市,TRUE
館山市,TRUE
木更津市,TRUE
松戸市,TRUE
野田市,TRUE
茂原市,TRUE
成田市,TRUE
佐倉市,TRUE
東金市,TRUE
旭市,TRUE
習志野市,TRUE
柏市,TRUE
勝浦市,TRUE
市原市,TRUE
流山市,TRUE
八千代市,TRUE
我孫子市,TRUE
鴨川市,TRUE
鎌ケ谷市,TRUE
君津市,TRUE
富津市,TRUE
浦安市,TRUE
四街道市,TRUE
袖ケ浦市,TRUE
八街市,TRUE
印西市,TRUE
白井市,TRUE
富里市,TRUE
南房総市,TRUE
匝瑳市,TRUE
香取市,TRUE
山武市,TRUE
いすみ市,TRUE
大網白里市,TRUE
酒々井町,TRUE
栄町,TRUE
神崎町,TRUE
多古町,TRUE
東庄町,TRUE
九十九里町,TRUE
芝山町,TRUE
横芝光町,TRUE
一宮町,TRUE
睦沢町,TRUE
長生村,TRUE
白子町,TRUE
長柄町,TRUE
長南町,TRUE
大多喜町,TRUE
御宿町,TRUE
鋸南町,TRUE
所属未定地,TRUE
千代田区,TRUE
港区,TRUE
新宿区,TRUE
文京区,TRUE
台東区,TRUE
墨田区,TRUE
江東区,TRUE
品川区,TRUE
目黒区,TRUE
大田区,TRUE
世田谷区,TRUE
渋谷区,TRUE
中野区,TRUE
杉並区,TRUE
豊島区,TRUE
荒川区,TRUE
板橋区,TRUE
練馬区,TRUE
足立区,TRUE
葛飾区,TRUE
江戸川区,TRUE
八王子市,TRUE
立川市,TRUE
武蔵野市,TRUE
三鷹市,TRUE
青梅市,TRUE
府中市,TRUE
昭島市,TRUE
調布市,TRUE
町田市,TRUE
小金井市,TRUE
小平市,TRUE
日野市,TRUE
東村山市,TRUE
国分寺市,TRUE
国立市,TRUE
福生市,TRUE
狛江市,TRUE
東大和市,TRUE
清瀬市,TRUE
東久留米市,TRUE
武蔵村山市,TRUE
多摩市,TRUE
稲城市,TRUE
羽村市,TRUE
あきる野市,TRUE
西東京市,TRUE
瑞穂町,TRUE
日の出町,TRUE
檜原村,TRUE
奥多摩町,TRUE
大島町,TRUE
小笠原村,TRUE
三宅村,TRUE
御蔵島村,TRUE
利島村,TRUE
新島村,TRUE
神津島村,TRUE
八丈町,TRUE
青ヶ島村,TRUE
鶴見区,TRUE
神奈川区,TRUE
中区,TRUE
保土ケ谷区,TRUE
磯子区,TRUE
金沢区,TRUE
港北区,TRUE
戸塚区,TRUE
港南区,TRUE
旭区,TRUE
瀬谷区,TRUE
栄区,TRUE
都筑区,TRUE
川崎区,TRUE
幸区,TRUE
中原区,TRUE
高津区,TRUE
多摩区,TRUE
宮前区,TRUE
麻生区,TRUE
横須賀市,TRUE
小田原市,TRUE
茅ヶ崎市,TRUE
平塚市,TRUE
鎌倉市,TRUE
藤沢市,TRUE
逗子市,TRUE
三浦市,TRUE
秦野市,TRUE
厚木市,TRUE
大和市,TRUE
伊勢原市,TRUE
海老名市,TRUE
座間市,TRUE
南足柄市,TRUE
綾瀬市,TRUE
葉山町,TRUE
寒川町,TRUE
大磯町,TRUE
二宮町,TRUE
中井町,TRUE
大井町,TRUE
松田町,TRUE
山北町,TRUE
開成町,TRUE
箱根町,TRUE
真鶴町,TRUE
湯河原町,TRUE
愛川町,TRUE
清川村,TRUE
江南区,TRUE
秋葉区,TRUE
西蒲区,TRUE
長岡市,TRUE
三条市,TRUE
柏崎市,TRUE
新発田市,TRUE
小千谷市,TRUE
加茂市,TRUE
十日町市,TRUE
見附市,TRUE
村上市,TRUE
上越市,TRUE
阿賀野市,TRUE
佐渡市,TRUE
燕市,TRUE
糸魚川市,TRUE
妙高市,TRUE
五泉市,TRUE
魚沼市,TRUE
南魚沼市,TRUE
胎内市,TRUE
聖籠町,TRUE
弥彦村,TRUE
田上町,TRUE
粟島浦村,TRUE
阿賀町,TRUE
出雲崎町,TRUE
湯沢町,TRUE
津南町,TRUE
刈羽村,TRUE
関川村,TRUE
富山市,TRUE
高岡市,TRUE
魚津市,TRUE
氷見市,TRUE
滑川市,TRUE
黒部市,TRUE
砺波市,TRUE
小矢部市,TRUE
南砺市,TRUE
射水市,TRUE
舟橋村,TRUE
上市町,TRUE
立山町,TRUE
入善町,TRUE
金沢市,TRUE
七尾市,TRUE
小松市,TRUE
輪島市,TRUE
珠洲市,TRUE
加賀市,TRUE
羽咋市,TRUE
かほく市,TRUE
白山市,TRUE
能美市,TRUE
野々市市,TRUE
川北町,TRUE
津幡町,TRUE
内灘町,TRUE
志賀町,TRUE
宝達志水町,TRUE
中能登町,TRUE
穴水町,TRUE
能登町,TRUE
福井市,TRUE
敦賀市,TRUE
小浜市,TRUE
大野市,TRUE
勝山市,TRUE
鯖江市,TRUE
あわら市,TRUE
越前市,TRUE
坂井市,TRUE
永平寺町,TRUE
南越前町,TRUE
越前町,TRUE
美浜町,TRUE
高浜町,TRUE
おおい町,TRUE
若狭町,TRUE
甲府市,TRUE
富士吉田市,TRUE
都留市,TRUE
山梨市,TRUE
大月市,TRUE
韮崎市,TRUE
南アルプス市,TRUE
北杜市,TRUE
甲斐市,TRUE
笛吹市,TRUE
上野原市,TRUE
甲州市,TRUE
中央市,TRUE
市川三郷町,TRUE
早川町,TRUE
身延町,TRUE
富士川町,TRUE
昭和町,TRUE
道志村,TRUE
西桂町,TRUE
忍野村,TRUE
山中湖村,TRUE
鳴沢村,TRUE
富士河口湖町,TRUE
小菅村,TRUE
丹波山村,TRUE
長野市,TRUE
松本市,TRUE
上田市,TRUE
岡谷市,TRUE
飯田市,TRUE
諏訪市,TRUE
須坂市,TRUE
小諸市,TRUE
伊那市,TRUE
駒ヶ根市,TRUE
中野市,TRUE
大町市,TRUE
飯山市,TRUE
茅野市,TRUE
塩尻市,TRUE
佐久市,TRUE
千曲市,TRUE
東御市,TRUE
安曇野市,TRUE
小海町,TRUE
川上村,TRUE
南相木村,TRUE
北相木村,TRUE
佐久穂町,TRUE
軽井沢町,TRUE
御代田町,TRUE
立科町,TRUE
青木村,TRUE
長和町,TRUE
下諏訪町,TRUE
富士見町,TRUE
原村,TRUE
辰野町,TRUE
箕輪町,TRUE
飯島町,TRUE
南箕輪村,TRUE
中川村,TRUE
宮田村,TRUE
松川町,TRUE
高森町,TRUE
阿南町,TRUE
阿智村,TRUE
平谷村,TRUE
根羽村,TRUE
下條村,TRUE
売木村,TRUE
天龍村,TRUE
泰阜村,TRUE
喬木村,TRUE
豊丘村,TRUE
大鹿村,TRUE
上松町,TRUE
南木曽町,TRUE
木祖村,TRUE
王滝村,TRUE
大桑村,TRUE
木曽町,TRUE
麻績村,TRUE
生坂村,TRUE
山形村,TRUE
朝日村,TRUE
筑北村,TRUE
松川村,TRUE
白馬村,TRUE
小谷村,TRUE
坂城町,TRUE
小布施町,TRUE
山ノ内町,TRUE
木島平村,TRUE
野沢温泉村,TRUE
信濃町,TRUE
小川村,TRUE
飯綱町,TRUE
栄村,TRUE
岐阜市,TRUE
大垣市,TRUE
高山市,TRUE
多治見市,TRUE
関市,TRUE
中津川市,TRUE
美濃市,TRUE
瑞浪市,TRUE
羽島市,TRUE
恵那市,TRUE
美濃加茂市,TRUE
土岐市,TRUE
各務原市,TRUE
可児市,TRUE
山県市,TRUE
瑞穂市,TRUE
飛騨市,TRUE
本巣市,TRUE
郡上市,TRUE
下呂市,TRUE
海津市,TRUE
岐南町,TRUE
笠松町,TRUE
養老町,TRUE
垂井町,TRUE
関ケ原町,TRUE
神戸町,TRUE
輪之内町,TRUE
安八町,TRUE
揖斐川町,TRUE
大野町,TRUE
北方町,TRUE
坂祝町,TRUE
富加町,TRUE
川辺町,TRUE
七宗町,TRUE
八百津町,TRUE
白川町,TRUE
東白川村,TRUE
御嵩町,TRUE
白川村,TRUE
葵区,TRUE
駿河区,TRUE
清水区,TRUE
浜北区,TRUE
天竜区,TRUE
沼津市,TRUE
熱海市,TRUE
三島市,TRUE
富士宮市,TRUE
伊東市,TRUE
島田市,TRUE
富士市,TRUE
磐田市,TRUE
焼津市,TRUE
掛川市,TRUE
藤枝市,TRUE
御殿場市,TRUE
袋井市,TRUE
下田市,TRUE
裾野市,TRUE
湖西市,TRUE
伊豆市,TRUE
御前崎市,TRUE
菊川市,TRUE
伊豆の国市,TRUE
牧之原市,TRUE
東伊豆町,TRUE
南伊豆町,TRUE
河津町,TRUE
松崎町,TRUE
西伊豆町,TRUE
函南町,TRUE
長泉町,TRUE
小山町,TRUE
吉田町,TRUE
川根本町,TRUE
千種区,TRUE
中村区,TRUE
昭和区,TRUE
瑞穂区,TRUE
熱田区,TRUE
中川区,TRUE
守山区,TRUE
名東区,TRUE
天白区,TRUE
豊橋市,TRUE
岡崎市,TRUE
一宮市,TRUE
瀬戸市,TRUE
半田市,TRUE
春日井市,TRUE
豊川市,TRUE
津島市,TRUE
碧南市,TRUE
刈谷市,TRUE
豊田市,TRUE
安城市,TRUE
西尾市,TRUE
蒲郡市,TRUE
犬山市,TRUE
常滑市,TRUE
江南市,TRUE
小牧市,TRUE
稲沢市,TRUE
新城市,TRUE
東海市,TRUE
大府市,TRUE
知多市,TRUE
知立市,TRUE
尾張旭市,TRUE
高浜市,TRUE
岩倉市,TRUE
豊明市,TRUE
日進市,TRUE
田原市,TRUE
愛西市,TRUE
清須市,TRUE
北名古屋市,TRUE
弥富市,TRUE
みよし市,TRUE
あま市,TRUE
長久手市,TRUE
東郷町,TRUE
豊山町,TRUE
大口町,TRUE
扶桑町,TRUE
大治町,TRUE
蟹江町,TRUE
飛島村,TRUE
阿久比町,TRUE
東浦町,TRUE
南知多町,TRUE
武豊町,TRUE
幸田町,TRUE
設楽町,TRUE
東栄町,TRUE
豊根村,TRUE
津市,TRUE
四日市市,TRUE
伊勢市,TRUE
松阪市,TRUE
桑名市,TRUE
鈴鹿市,TRUE
名張市,TRUE
尾鷲市,TRUE
亀山市,TRUE
鳥羽市,TRUE
志摩市,TRUE
南伊勢町,TRUE
紀北町,TRUE
熊野市,TRUE
いなべ市,TRUE
伊賀市,TRUE
木曽岬町,TRUE
東員町,TRUE
菰野町,TRUE
川越町,TRUE
多気町,TRUE
大台町,TRUE
玉城町,TRUE
度会町,TRUE
大紀町,TRUE
御浜町,TRUE
紀宝町,TRUE
大津市,TRUE
彦根市,TRUE
長浜市,TRUE
近江八幡市,TRUE
草津市,TRUE
守山市,TRUE
栗東市,TRUE
甲賀市,TRUE
野洲市,TRUE
湖南市,TRUE
高島市,TRUE
東近江市,TRUE
米原市,TRUE
日野町,TRUE
竜王町,TRUE
愛荘町,TRUE
豊郷町,TRUE
甲良町,TRUE
多賀町,TRUE
上京区,TRUE
左京区,TRUE
中京区,TRUE
東山区,TRUE
下京区,TRUE
右京区,TRUE
伏見区,TRUE
山科区,TRUE
西京区,TRUE
福知山市,TRUE
舞鶴市,TRUE
京丹後市,TRUE
綾部市,TRUE
宇治市,TRUE
宮津市,TRUE
亀岡市,TRUE
城陽市,TRUE
向日市,TRUE
長岡京市,TRUE
八幡市,TRUE
京田辺市,TRUE
南丹市,TRUE
木津川市,TRUE
大山崎町,TRUE
久御山町,TRUE
井手町,TRUE
宇治田原町,TRUE
笠置町,TRUE
和束町,TRUE
精華町,TRUE
南山城村,TRUE
京丹波町,TRUE
伊根町,TRUE
与謝野町,TRUE
都島区,TRUE
福島区,TRUE
此花区,TRUE
大正区,TRUE
天王寺区,TRUE
浪速区,TRUE
西淀川区,TRUE
東淀川区,TRUE
東成区,TRUE
生野区,TRUE
城東区,TRUE
阿倍野区,TRUE
住吉区,TRUE
東住吉区,TRUE
西成区,TRUE
淀川区,TRUE
住之江区,TRUE
平野区,TRUE
堺区,TRUE
美原区,TRUE
岸和田市,TRUE
豊中市,TRUE
池田市,TRUE
吹田市,TRUE
泉大津市,TRUE
高槻市,TRUE
貝塚市,TRUE
守口市,TRUE
枚方市,TRUE
茨木市,TRUE
八尾市,TRUE
泉佐野市,TRUE
富田林市,TRUE
寝屋川市,TRUE
河内長野市,TRUE
松原市,TRUE
大東市,TRUE
和泉市,TRUE
箕面市,TRUE
柏原市,TRUE
羽曳野市,TRUE
門真市,TRUE
摂津市,TRUE
高石市,TRUE
藤井寺市,TRUE
東大阪市,TRUE
泉南市,TRUE
四條畷市,TRUE
交野市,TRUE
大阪狭山市,TRUE
阪南市,TRUE
島本町,TRUE
豊能町,TRUE
能勢町,TRUE
忠岡町,TRUE
熊取町,TRUE
田尻町,TRUE
岬町,TRUE
太子町,TRUE
河南町,TRUE
千早赤阪村,TRUE
東灘区,TRUE
灘区,TRUE
兵庫区,TRUE
長田区,TRUE
須磨区,TRUE
垂水区,TRUE
姫路市,TRUE
尼崎市,TRUE
明石市,TRUE
西宮市,TRUE
洲本市,TRUE
芦屋市,TRUE
伊丹市,TRUE
相生市,TRUE
豊岡市,TRUE
南あわじ市,TRUE
香美町,TRUE
加古川市,TRUE
赤穂市,TRUE
西脇市,TRUE
宝塚市,TRUE
三木市,TRUE
高砂市,TRUE
川西市,TRUE
小野市,TRUE
三田市,TRUE
加西市,TRUE
丹波篠山市,TRUE
養父市,TRUE
丹波市,TRUE
朝来市,TRUE
淡路市,TRUE
宍粟市,TRUE
加東市,TRUE
たつの市,TRUE
猪名川町,TRUE
多可町,TRUE
稲美町,TRUE
播磨町,TRUE
市川町,TRUE
福崎町,TRUE
神河町,TRUE
上郡町,TRUE
佐用町,TRUE
新温泉町,TRUE
奈良市,TRUE
大和高田市,TRUE
大和郡山市,TRUE
天理市,TRUE
橿原市,TRUE
桜井市,TRUE
五條市,TRUE
御所市,TRUE
生駒市,TRUE
香芝市,TRUE
葛城市,TRUE
宇陀市,TRUE
山添村,TRUE
平群町,TRUE
三郷町,TRUE
斑鳩町,TRUE
安堵町,TRUE
三宅町,TRUE
田原本町,TRUE
曽爾村,TRUE
御杖村,TRUE
高取町,TRUE
明日香村,TRUE
上牧町,TRUE
王寺町,TRUE
広陵町,TRUE
河合町,TRUE
吉野町,TRUE
大淀町,TRUE
下市町,TRUE
黒滝村,TRUE
天川村,TRUE
野迫川村,TRUE
十津川村,TRUE
下北山村,TRUE
上北山村,TRUE
東吉野村,TRUE
和歌山市,TRUE
海南市,TRUE
橋本市,TRUE
有田市,TRUE
串本町,TRUE
御坊市,TRUE
田辺市,TRUE
新宮市,TRUE
すさみ町,TRUE
紀の川市,TRUE
岩出市,TRUE
紀美野町,TRUE
かつらぎ町,TRUE
九度山町,TRUE
高野町,TRUE
湯浅町,TRUE
広川町,TRUE
有田川町,TRUE
由良町,TRUE
印南町,TRUE
みなべ町,TRUE
日高川町,TRUE
白浜町,TRUE
上富田町,TRUE
那智勝浦町,TRUE
太地町,TRUE
古座川町,TRUE
北山村,TRUE
鳥取市,TRUE
米子市,TRUE
倉吉市,TRUE
境港市,TRUE
岩美町,TRUE
若桜町,TRUE
智頭町,TRUE
八頭町,TRUE
三朝町,TRUE
湯梨浜町,TRUE
琴浦町,TRUE
北栄町,TRUE
日吉津村,TRUE
大山町,TRUE
伯耆町,TRUE
日南町,TRUE
江府町,TRUE
松江市,TRUE
益田市,TRUE
浜田市,TRUE
出雲市,TRUE
大田市,TRUE
安来市,TRUE
江津市,TRUE
雲南市,TRUE
奥出雲町,TRUE
飯南町,TRUE
川本町,TRUE
邑南町,TRUE
津和野町,TRUE
吉賀町,TRUE
海士町,TRUE
西ノ島町,TRUE
知夫村,TRUE
隠岐の島町,TRUE
倉敷市,TRUE
津山市,TRUE
玉野市,TRUE
笠岡市,TRUE
井原市,TRUE
総社市,TRUE
高梁市,TRUE
新見市,TRUE
備前市,TRUE
瀬戸内市,TRUE
赤磐市,TRUE
真庭市,TRUE
美作市,TRUE
浅口市,TRUE
和気町,TRUE
早島町,TRUE
里庄町,TRUE
矢掛町,TRUE
新庄村,TRUE
鏡野町,TRUE
勝央町,TRUE
奈義町,TRUE
西粟倉村,TRUE
久米南町,TRUE
美咲町,TRUE
吉備中央町,TRUE
安佐南区,TRUE
安佐北区,TRUE
安芸区,TRUE
佐伯区,TRUE
呉市,TRUE
竹原市,TRUE
三原市,TRUE
尾道市,TRUE
福山市,TRUE
三次市,TRUE
庄原市,TRUE
大竹市,TRUE
東広島市,TRUE
廿日市市,TRUE
安芸高田市,TRUE
江田島市,TRUE
府中町,TRUE
海田町,TRUE
熊野町,TRUE
坂町,TRUE
安芸太田町,TRUE
北広島町,TRUE
大崎上島町,TRUE
世羅町,TRUE
神石高原町,TRUE
下関市,TRUE
山口市,TRUE
萩市,TRUE
阿武町,TRUE
徳島市,TRUE
鳴門市,TRUE
光市,TRUE
長門市,TRUE
柳井市,TRUE
周防大島町,TRUE
宇部市,TRUE
防府市,TRUE
下松市,TRUE
岩国市,TRUE
美祢市,TRUE
周南市,TRUE
山陽小野田市,TRUE
和木町,TRUE
上関町,TRUE
田布施町,TRUE
平生町,TRUE
小松島市,TRUE
阿南市,TRUE
牟岐町,TRUE
美波町,TRUE
吉野川市,TRUE
阿波市,TRUE
美馬市,TRUE
三好市,TRUE
勝浦町,TRUE
上勝町,TRUE
佐那河内村,TRUE
石井町,TRUE
神山町,TRUE
那賀町,TRUE
海陽町,TRUE
松茂町,TRUE
北島町,TRUE
藍住町,TRUE
板野町,TRUE
上板町,TRUE
つるぎ町,TRUE
東みよし町,TRUE
高松市,TRUE
丸亀市,TRUE
坂出市,TRUE
善通寺市,TRUE
観音寺市,TRUE
さぬき市,TRUE
三豊市,TRUE
土庄町,TRUE
小豆島町,TRUE
東かがわ市,TRUE
三木町,TRUE
直島町,TRUE
宇多津町,TRUE
綾川町,TRUE
琴平町,TRUE
多度津町,TRUE
まんのう町,TRUE
松山市,TRUE
今治市,TRUE
宇和島市,TRUE
上島町,TRUE
久万高原町,TRUE
砥部町,TRUE
内子町,TRUE
伊方町,TRUE
八幡浜市,TRUE
新居浜市,TRUE
西条市,TRUE
大洲市,TRUE
伊予市,TRUE
四国中央市,TRUE
西予市,TRUE
東温市,TRUE
愛南町,TRUE
松野町,TRUE
鬼北町,TRUE
高知市,TRUE
室戸市,TRUE
安芸市,TRUE
南国市,TRUE
土佐市,TRUE
須崎市,TRUE
土佐清水市,TRUE
大月町,TRUE
東洋町,TRUE
三原村,TRUE
黒潮町,TRUE
宿毛市,TRUE
四万十市,TRUE
香南市,TRUE
香美市,TRUE
奈半利町,TRUE
田野町,TRUE
安田町,TRUE
北川村,TRUE
馬路村,TRUE
芸西村,TRUE
本山町,TRUE
大豊町,TRUE
土佐町,TRUE
大川村,TRUE
いの町,TRUE
仁淀川町,TRUE
中土佐町,TRUE
佐川町,TRUE
越知町,TRUE
梼原町,TRUE
日高村,TRUE
津野町,TRUE
四万十町,TRUE
門司区,TRUE
若松区,TRUE
戸畑区,TRUE
小倉北区,TRUE
小倉南区,TRUE
八幡東区,TRUE
八幡西区,TRUE
博多区,TRUE
宗像市,TRUE
城南区,TRUE
早良区,TRUE
大牟田市,TRUE
久留米市,TRUE
直方市,TRUE
飯塚市,TRUE
田川市,TRUE
柳川市,TRUE
八女市,TRUE
筑後市,TRUE
大川市,TRUE
行橋市,TRUE
豊前市,TRUE
中間市,TRUE
小郡市,TRUE
筑紫野市,TRUE
春日市,TRUE
大野城市,TRUE
太宰府市,TRUE
古賀市,TRUE
福津市,TRUE
うきは市,TRUE
宮若市,TRUE
嘉麻市,TRUE
朝倉市,TRUE
みやま市,TRUE
糸島市,TRUE
那珂川市,TRUE
宇美町,TRUE
篠栗町,TRUE
志免町,TRUE
須恵町,TRUE
新宮町,TRUE
久山町,TRUE
粕屋町,TRUE
芦屋町,TRUE
水巻町,TRUE
岡垣町,TRUE
遠賀町,TRUE
小竹町,TRUE
鞍手町,TRUE
桂川町,TRUE
筑前町,TRUE
東峰村,TRUE
大刀洗町,TRUE
大木町,TRUE
香春町,TRUE
添田町,TRUE
糸田町,TRUE
大任町,TRUE
赤村,TRUE
福智町,TRUE
苅田町,TRUE
みやこ町,TRUE
吉富町,TRUE
上毛町,TRUE
築上町,TRUE
佐賀市,TRUE
唐津市,TRUE
鳥栖市,TRUE
多久市,TRUE
伊万里市,TRUE
武雄市,TRUE
鹿島市,TRUE
小城市,TRUE
嬉野市,TRUE
神埼市,TRUE
吉野ヶ里町,TRUE
基山町,TRUE
上峰町,TRUE
みやき町,TRUE
玄海町,TRUE
有田町,TRUE
大町町,TRUE
江北町,TRUE
白石町,TRUE
太良町,TRUE
長崎市,TRUE
対馬市,TRUE
壱岐市,TRUE
五島市,TRUE
新上五島町,TRUE
佐世保市,TRUE
南島原市,TRUE
長与町,TRUE
時津町,TRUE
東彼杵町,TRUE
島原市,TRUE
諫早市,TRUE
大村市,TRUE
平戸市,TRUE
松浦市,TRUE
西海市,TRUE
雲仙市,TRUE
川棚町,TRUE
波佐見町,TRUE
小値賀町,TRUE
佐々町,TRUE
八代市,TRUE
人吉市,TRUE
荒尾市,TRUE
水俣市,TRUE
玉名市,TRUE
山鹿市,TRUE
菊池市,TRUE
宇土市,TRUE
上天草市,TRUE
宇城市,TRUE
阿蘇市,TRUE
天草市,TRUE
大分市,TRUE
合志市,TRUE
玉東町,TRUE
南関町,TRUE
長洲町,TRUE
和水町,TRUE
大津町,TRUE
菊陽町,TRUE
南小国町,TRUE
産山村,TRUE
西原村,TRUE
南阿蘇村,TRUE
御船町,TRUE
嘉島町,TRUE
益城町,TRUE
甲佐町,TRUE
山都町,TRUE
氷川町,TRUE
芦北町,TRUE
津奈木町,TRUE
錦町,TRUE
多良木町,TRUE
湯前町,TRUE
水上村,TRUE
相良村,TRUE
五木村,TRUE
山江村,TRUE
球磨村,TRUE
あさぎり町,TRUE
苓北町,TRUE
別府市,TRUE
中津市,TRUE
日田市,TRUE
佐伯市,TRUE
津久見市,TRUE
臼杵市,TRUE
竹田市,TRUE
豊後高田市,TRUE
杵築市,TRUE
宇佐市,TRUE
豊後大野市,TRUE
由布市,TRUE
国東市,TRUE
姫島村,TRUE
日出町,TRUE
九重町,TRUE
玖珠町,TRUE
宮崎市,TRUE
都城市,TRUE
延岡市,TRUE
日南市,TRUE
小林市,TRUE
日向市,TRUE
串間市,TRUE
門川町,TRUE
西都市,TRUE
えびの市,TRUE
三股町,TRUE
高原町,TRUE
国富町,TRUE
綾町,TRUE
高鍋町,TRUE
新富町,TRUE
西米良村,TRUE
木城町,TRUE
川南町,TRUE
都農町,TRUE
諸塚村,TRUE
椎葉村,TRUE
高千穂町,TRUE
日之影町,TRUE
五ヶ瀬町,TRUE
鹿児島市,TRUE
鹿屋市,TRUE
枕崎市,TRUE
阿久根市,TRUE
出水市,TRUE
指宿市,TRUE
南さつま市,TRUE
いちき串木野市,TRUE
三島村,TRUE
南大隅町,TRUE
中種子町,TRUE
大和村,TRUE
宇検村,TRUE
屋久島町,TRUE
瀬戸内町,TRUE
志布志市,TRUE
奄美市,TRUE
長島町,TRUE
湧水町,TRUE
大崎町,TRUE
東串良町,TRUE
錦江町,TRUE
西之表市,TRUE
垂水市,TRUE
薩摩川内市,TRUE
日置市,TRUE
曽於市,TRUE
霧島市,TRUE
南九州市,TRUE
伊佐市,TRUE
姶良市,TRUE
十島村,TRUE
さつま町,TRUE
肝付町,TRUE
南種子町,TRUE
龍郷町,TRUE
喜界町,TRUE
徳之島町,TRUE
天城町,TRUE
伊仙町,TRUE
和泊町,TRUE
知名町,TRUE
与論町,TRUE
那覇市,TRUE
宜野湾市,TRUE
石垣市,TRUE
南城市,TRUE
与那国町,TRUE
浦添市,TRUE
名護市,TRUE
伊是名村,TRUE
久米島町,TRUE
糸満市,TRUE
沖縄市,TRUE
豊見城市,TRUE
うるま市,TRUE
宮古島市,TRUE
国頭村,TRUE
竹富町,TRUE
大宜味村,TRUE
東村,TRUE
今帰仁村,TRUE
本部町,TRUE
恩納村,TRUE
宜野座村,TRUE
金武町,TRUE
伊江村,TRUE
読谷村,TRUE
嘉手納町,TRUE
北谷町,TRUE
北中城村,TRUE
中城村,TRUE
西原町,TRUE
与那原町,TRUE
南風原町,TRUE
渡嘉敷村,TRUE
座間味村,TRUE
粟国村,TRUE
渡名喜村,TRUE
南大東村,TRUE
北大東村,TRUE
伊平屋村,TRUE
八重瀬町,TRUE
多良間村,TRUE
中央,TRUE
白石,TRUE
豊平,TRUE
厚別,TRUE
手稲,TRUE
清田,TRUE
函館,TRUE
小樽,TRUE
室蘭,TRUE
旭川,TRUE
帯広,TRUE
北見,TRUE
岩見沢,TRUE
苫小牧,TRUE
稚内,TRUE
美唄,TRUE
芦別,TRUE
江別,TRUE
赤平,TRUE
士別,TRUE
名寄,TRUE
三笠,TRUE
根室,TRUE
千歳,TRUE
滝川,TRUE
砂川,TRUE
歌志内,TRUE
深川,TRUE
富良野,TRUE
登別,TRUE
恵庭,TRUE
北広島,TRUE
北斗,TRUE
当別,TRUE
新篠津,TRUE
知内,TRUE
木古内,TRUE
七飯,TRUE
鹿部,TRUE
八雲,TRUE
長万部,TRUE
江差,TRUE
上ノ国,TRUE
厚沢部,TRUE
乙部,TRUE
今金,TRUE
黒松内,TRUE
蘭越,TRUE
真狩,TRUE
留寿都,TRUE
喜茂別,TRUE
京極,TRUE
倶知安,TRUE
共和,TRUE
神恵内,TRUE
仁木,TRUE
余市,TRUE
赤井川,TRUE
南幌,TRUE
奈井江,TRUE
上砂川,TRUE
由仁,TRUE
長沼,TRUE
栗山,TRUE
月形,TRUE
浦臼,TRUE
新十津川,TRUE
妹背牛,TRUE
秩父別,TRUE
北竜,TRUE
沼田,TRUE
鷹栖,TRUE
東神楽,TRUE
当麻,TRUE
比布,TRUE
愛別,TRUE
東川,TRUE
美瑛,TRUE
上富良野,TRUE
中富良野,TRUE
南富良野,TRUE
占冠,TRUE
和寒,TRUE
剣淵,TRUE
下川,TRUE
美深,TRUE
音威子府,TRUE
幌加内,TRUE
小平,TRUE
羽幌,TRUE
初山別,TRUE
遠別,TRUE
猿払,TRUE
浜頓別,TRUE
中頓別,TRUE
豊富,TRUE
利尻富士,TRUE
幌延,TRUE
美幌,TRUE
津別,TRUE
清里,TRUE
小清水,TRUE
訓子府,TRUE
置戸,TRUE
佐呂間,TRUE
遠軽,TRUE
湧別,TRUE
滝上,TRUE
興部,TRUE
西興部,TRUE
雄武,TRUE
大空,TRUE
豊浦,TRUE
壮瞥,TRUE
厚真,TRUE
洞爺湖,TRUE
安平,TRUE
平取,TRUE
新ひだか,TRUE
音更,TRUE
士幌,TRUE
上士幌,TRUE
鹿追,TRUE
新得,TRUE
清水,TRUE
芽室,TRUE
中札内,TRUE
更別,TRUE
大樹,TRUE
幕別,TRUE
池田,TRUE
豊頃,TRUE
本別,TRUE
陸別,TRUE
浦幌,TRUE
浜中,TRUE
標茶,TRUE
弟子屈,TRUE
鶴居,TRUE
別海,TRUE
中標津,TRUE
羅臼,TRUE
留夜別,TRUE
留別,TRUE
弘前,TRUE
八戸,TRUE
黒石,TRUE
五所川原,TRUE
十和田,TRUE
三沢,TRUE
平川,TRUE
平内,TRUE
今別,TRUE
蓬田,TRUE
外ヶ浜,TRUE
深浦,TRUE
東通,TRUE
佐井,TRUE
五戸,TRUE
田子,TRUE
南部,TRUE
階上,TRUE
新郷,TRUE
盛岡,TRUE
鰺ヶ沢,TRUE
西目屋,TRUE
藤崎,TRUE
大鰐,TRUE
田舎館,TRUE
板柳,TRUE
鶴田,TRUE
中泊,TRUE
野辺地,TRUE
七戸,TRUE
六戸,TRUE
東北,TRUE
六ヶ所,TRUE
大間,TRUE
風間浦,TRUE
釜石,TRUE
山田,TRUE
岩泉,TRUE
大船渡,TRUE
陸前高田,TRUE
洋野,TRUE
田野畑,TRUE
普代,TRUE
花巻,TRUE
北上,TRUE
遠野,TRUE
一関,TRUE
八幡平,TRUE
奥州,TRUE
滝沢,TRUE
雫石,TRUE
葛巻,TRUE
矢巾,TRUE
西和賀,TRUE
金ケ崎,TRUE
平泉,TRUE
住田,TRUE
大槌,TRUE
軽米,TRUE
野田,TRUE
一戸,TRUE
青葉,TRUE
宮城野,TRUE
若林,TRUE
太白,TRUE
石巻,TRUE
女川,TRUE
南三陸,TRUE
気仙沼,TRUE
塩竈,TRUE
東松島,TRUE
七ヶ浜,TRUE
名取,TRUE
角田,TRUE
多賀城,TRUE
岩沼,TRUE
登米,TRUE
栗原,TRUE
大崎,TRUE
富谷,TRUE
蔵王,TRUE
七ヶ宿,TRUE
大河原,TRUE
村田,TRUE
丸森,TRUE
山元,TRUE
松島,TRUE
利府,TRUE
大和,TRUE
大郷,TRUE
大衡,TRUE
色麻,TRUE
涌谷,TRUE
美里,TRUE
能代,TRUE
横手,TRUE
大館,TRUE
男鹿,TRUE
鶴岡,TRUE
湯沢,TRUE
由利本荘,TRUE
潟上,TRUE
大仙,TRUE
小坂,TRUE
上小阿仁,TRUE
藤里,TRUE
三種,TRUE
八峰,TRUE
五城目,TRUE
八郎潟,TRUE
井川,TRUE
大潟,TRUE
美郷,TRUE
羽後,TRUE
東成瀬,TRUE
米沢,TRUE
酒田,TRUE
新庄,TRUE
寒河江,TRUE
上山,TRUE
村山,TRUE
長井,TRUE
天童,TRUE
東根,TRUE
尾花沢,TRUE
南陽,TRUE
中山,TRUE
西川,TRUE
朝日,TRUE
大江,TRUE
大石田,TRUE
金山,TRUE
舟形,TRUE
真室川,TRUE
大蔵,TRUE
鮭川,TRUE
戸沢,TRUE
高畠,TRUE
川西,TRUE
小国,TRUE
白鷹,TRUE
飯豊,TRUE
三川,TRUE
庄内,TRUE
遊佐,TRUE
会津若松,TRUE
郡山,TRUE
白河,TRUE
須賀川,TRUE
喜多方,TRUE
二本松,TRUE
南相馬,TRUE
本宮,TRUE
桑折,TRUE
国見,TRUE
川俣,TRUE
大玉,TRUE
鏡石,TRUE
天栄,TRUE
下郷,TRUE
檜枝岐,TRUE
只見,TRUE
北塩原,TRUE
西会津,TRUE
磐梯,TRUE
猪苗代,TRUE
会津坂下,TRUE
湯川,TRUE
柳津,TRUE
昭和,TRUE
会津美里,TRUE
西郷,TRUE
泉崎,TRUE
中島,TRUE
矢吹,TRUE
棚倉,TRUE
矢祭,TRUE
鮫川,TRUE
玉川,TRUE
平田,TRUE
浅川,TRUE
古殿,TRUE
三春,TRUE
小野,TRUE
広野,TRUE
楢葉,TRUE
富岡,TRUE
川内,TRUE
大熊,TRUE
浪江,TRUE
葛尾,TRUE
新地,TRUE
飯舘,TRUE
水戸,TRUE
日立,TRUE
土浦,TRUE
古河,TRUE
石岡,TRUE
龍ケ崎,TRUE
下妻,TRUE
常総,TRUE
常陸太田,TRUE
高萩,TRUE
北茨城,TRUE
笠間,TRUE
取手,TRUE
牛久,TRUE
鹿嶋,TRUE
潮来,TRUE
守谷,TRUE
常陸大宮,TRUE
筑西,TRUE
坂東,TRUE
桜川,TRUE
神栖,TRUE
行方,TRUE
鉾田,TRUE
小美玉,TRUE
大洗,TRUE
城里,TRUE
東海,TRUE
大子,TRUE
美浦,TRUE
阿見,TRUE
八千代,TRUE
五霞,TRUE
宇都宮,TRUE
足利,TRUE
佐野,TRUE
鹿沼,TRUE
日光,TRUE
小山,TRUE
真岡,TRUE
大田原,TRUE
矢板,TRUE
那須塩原,TRUE
那須烏山,TRUE
下野,TRUE
上三川,TRUE
益子,TRUE
茂木,TRUE
市貝,TRUE
壬生,TRUE
野木,TRUE
高根沢,TRUE
那珂川,TRUE
前橋,TRUE
高崎,TRUE
桐生,TRUE
伊勢崎,TRUE
太田,TRUE
館林,TRUE
渋川,TRUE
藤岡,TRUE
安中,TRUE
榛東,TRUE
吉岡,TRUE
上野,TRUE
神流,TRUE
下仁田,TRUE
南牧,TRUE
中之条,TRUE
長野原,TRUE
嬬恋,TRUE
草津,TRUE
高山,TRUE
東吾妻,TRUE
片品,TRUE
川場,TRUE
玉村,TRUE
板倉,TRUE
明和,TRUE
千代田,TRUE
大泉,TRUE
大宮,TRUE
見沼,TRUE
浦和,TRUE
岩槻,TRUE
川越,TRUE
熊谷,TRUE
川口,TRUE
行田,TRUE
所沢,TRUE
飯能,TRUE
加須,TRUE
本庄,TRUE
東松山,TRUE
春日部,TRUE
狭山,TRUE
羽生,TRUE
鴻巣,TRUE
深谷,TRUE
上尾,TRUE
草加,TRUE
越谷,TRUE
戸田,TRUE
朝霞,TRUE
志木,TRUE
和光,TRUE
新座,TRUE
桶川,TRUE
久喜,TRUE
北本,TRUE
八潮,TRUE
富士見,TRUE
三郷,TRUE
蓮田,TRUE
坂戸,TRUE
幸手,TRUE
鶴ヶ島,TRUE
吉川,TRUE
ふじみ野,TRUE
白岡,TRUE
伊奈,TRUE
三芳,TRUE
毛呂山,TRUE
越生,TRUE
滑川,TRUE
嵐山,TRUE
小川,TRUE
川島,TRUE
吉見,TRUE
鳩山,TRUE
横瀬,TRUE
皆野,TRUE
長瀞,TRUE
小鹿野,TRUE
東秩父,TRUE
神川,TRUE
上里,TRUE
寄居,TRUE
宮代,TRUE
杉戸,TRUE
松伏,TRUE
花見川,TRUE
稲毛,TRUE
若葉,TRUE
美浜,TRUE
銚子,TRUE
市川,TRUE
船橋,TRUE
館山,TRUE
木更津,TRUE
松戸,TRUE
茂原,TRUE
成田,TRUE
佐倉,TRUE
東金,TRUE
習志野,TRUE
市原,TRUE
流山,TRUE
我孫子,TRUE
鴨川,TRUE
鎌ケ谷,TRUE
君津,TRUE
富津,TRUE
浦安,TRUE
四街道,TRUE
袖ケ浦,TRUE
八街,TRUE
印西,TRUE
白井,TRUE
富里,TRUE
南房総,TRUE
匝瑳,TRUE
大網白里,TRUE
酒々井,TRUE
多古,TRUE
東庄,TRUE
九十九里,TRUE
芝山,TRUE
横芝光,TRUE
一宮,TRUE
睦沢,TRUE
白子,TRUE
長柄,TRUE
長南,TRUE
大多喜,TRUE
御宿,TRUE
鋸南,TRUE
新宿,TRUE
文京,TRUE
台東,TRUE
墨田,TRUE
江東,TRUE
品川,TRUE
目黒,TRUE
大田,TRUE
世田谷,TRUE
渋谷,TRUE
中野,TRUE
杉並,TRUE
豊島,TRUE
荒川,TRUE
板橋,TRUE
練馬,TRUE
足立,TRUE
葛飾,TRUE
江戸川,TRUE
八王子,TRUE
立川,TRUE
武蔵野,TRUE
三鷹,TRUE
青梅,TRUE
府中,TRUE
昭島,TRUE
調布,TRUE
町田,TRUE
小金井,TRUE
国分寺,TRUE
国立,TRUE
福生,TRUE
狛江,TRUE
東大和,TRUE
清瀬,TRUE
東久留米,TRUE
武蔵村山,TRUE
多摩,TRUE
稲城,TRUE
羽村,TRUE
あきる野,TRUE
西東京,TRUE
瑞穂,TRUE
日の出,TRUE
檜原,TRUE
奥多摩,TRUE
御蔵島,TRUE
利島,TRUE
新島,TRUE
神津島,TRUE
青ヶ島,TRUE
鶴見,TRUE
保土ケ谷,TRUE
磯子,TRUE
金沢,TRUE
港北,TRUE
戸塚,TRUE
港南,TRUE
瀬谷,TRUE
都筑,TRUE
中原,TRUE
高津,TRUE
宮前,TRUE
麻生,TRUE
横須賀,TRUE
小田原,TRUE
茅ヶ崎,TRUE
平塚,TRUE
鎌倉,TRUE
藤沢,TRUE
逗子,TRUE
秦野,TRUE
厚木,TRUE
伊勢原,TRUE
海老名,TRUE
座間,TRUE
南足柄,TRUE
綾瀬,TRUE
葉山,TRUE
寒川,TRUE
大磯,TRUE
二宮,TRUE
中井,TRUE
大井,TRUE
松田,TRUE
山北,TRUE
開成,TRUE
箱根,TRUE
真鶴,TRUE
湯河原,TRUE
愛川,TRUE
清川,TRUE
江南,TRUE
秋葉,TRUE
西蒲,TRUE
三条,TRUE
柏崎,TRUE
新発田,TRUE
小千谷,TRUE
十日町,TRUE
見附,TRUE
村上,TRUE
上越,TRUE
阿賀野,TRUE
佐渡,TRUE
糸魚川,TRUE
妙高,TRUE
五泉,TRUE
魚沼,TRUE
胎内,TRUE
聖籠,TRUE
弥彦,TRUE
田上,TRUE
粟島浦,TRUE
阿賀,TRUE
出雲崎,TRUE
津南,TRUE
関川,TRUE
魚津,TRUE
氷見,TRUE
黒部,TRUE
砺波,TRUE
小矢部,TRUE
南砺,TRUE
射水,TRUE
舟橋,TRUE
上市,TRUE
立山,TRUE
入善,TRUE
七尾,TRUE
小松,TRUE
輪島,TRUE
珠洲,TRUE
白山,TRUE
野々市,TRUE
川北,TRUE
津幡,TRUE
内灘,TRUE
志賀,TRUE
宝達志水,TRUE
中能登,TRUE
穴水,TRUE
能登,TRUE
敦賀,TRUE
小浜,TRUE
勝山,TRUE
鯖江,TRUE
越前,TRUE
坂井,TRUE
永平寺,TRUE
南越前,TRUE
高浜,TRUE
若狭,TRUE
甲府,TRUE
富士吉田,TRUE
都留,TRUE
大月,TRUE
韮崎,TRUE
南アルプス,TRUE
北杜,TRUE
甲斐,TRUE
笛吹,TRUE
上野原,TRUE
甲州,TRUE
市川三郷,TRUE
早川,TRUE
身延,TRUE
富士川,TRUE
道志,TRUE
西桂,TRUE
忍野,TRUE
山中湖,TRUE
鳴沢,TRUE
富士河口湖,TRUE
小菅,TRUE
丹波山,TRUE
松本,TRUE
上田,TRUE
岡谷,TRUE
飯田,TRUE
須坂,TRUE
小諸,TRUE
伊那,TRUE
駒ヶ根,TRUE
大町,TRUE
飯山,TRUE
茅野,TRUE
塩尻,TRUE
佐久,TRUE
千曲,TRUE
東御,TRUE
安曇野,TRUE
小海,TRUE
南相木,TRUE
北相木,TRUE
佐久穂,TRUE
軽井沢,TRUE
御代田,TRUE
立科,TRUE
青木,TRUE
長和,TRUE
下諏訪,TRUE
辰野,TRUE
箕輪,TRUE
飯島,TRUE
南箕輪,TRUE
宮田,TRUE
松川,TRUE
高森,TRUE
阿南,TRUE
阿智,TRUE
平谷,TRUE
根羽,TRUE
下條,TRUE
売木,TRUE
天龍,TRUE
泰阜,TRUE
喬木,TRUE
豊丘,TRUE
大鹿,TRUE
上松,TRUE
南木曽,TRUE
木祖,TRUE
王滝,TRUE
大桑,TRUE
麻績,TRUE
生坂,TRUE
筑北,TRUE
白馬,TRUE
小谷,TRUE
坂城,TRUE
小布施,TRUE
山ノ内,TRUE
木島平,TRUE
野沢温泉,TRUE
信濃,TRUE
飯綱,TRUE
大垣,TRUE
多治見,TRUE
中津川,TRUE
美濃,TRUE
瑞浪,TRUE
恵那,TRUE
美濃加茂,TRUE
土岐,TRUE
各務原,TRUE
飛騨,TRUE
郡上,TRUE
下呂,TRUE
海津,TRUE
岐南,TRUE
笠松,TRUE
垂井,TRUE
関ケ原,TRUE
輪之内,TRUE
揖斐川,TRUE
北方,TRUE
坂祝,TRUE
富加,TRUE
七宗,TRUE
八百津,TRUE
白川,TRUE
御嵩,TRUE
駿河,TRUE
浜北,TRUE
天竜,TRUE
沼津,TRUE
熱海,TRUE
富士宮,TRUE
伊東,TRUE
島田,TRUE
富士,TRUE
磐田,TRUE
焼津,TRUE
掛川,TRUE
藤枝,TRUE
御殿場,TRUE
袋井,TRUE
下田,TRUE
裾野,TRUE
湖西,TRUE
伊豆,TRUE
御前崎,TRUE
菊川,TRUE
伊豆の国,TRUE
牧之原,TRUE
東伊豆,TRUE
南伊豆,TRUE
河津,TRUE
松崎,TRUE
西伊豆,TRUE
函南,TRUE
長泉,TRUE
川根本,TRUE
千種,TRUE
中村,TRUE
熱田,TRUE
守山,TRUE
天白,TRUE
豊橋,TRUE
岡崎,TRUE
瀬戸,TRUE
半田,TRUE
春日井,TRUE
豊川,TRUE
津島,TRUE
碧南,TRUE
刈谷,TRUE
安城,TRUE
西尾,TRUE
蒲郡,TRUE
犬山,TRUE
常滑,TRUE
小牧,TRUE
稲沢,TRUE
新城,TRUE
大府,TRUE
知立,TRUE
尾張旭,TRUE
岩倉,TRUE
豊明,TRUE
日進,TRUE
田原,TRUE
愛西,TRUE
清須,TRUE
北名古屋,TRUE
弥富,TRUE
長久手,TRUE
東郷,TRUE
豊山,TRUE
大口,TRUE
扶桑,TRUE
大治,TRUE
蟹江,TRUE
飛島,TRUE
阿久比,TRUE
東浦,TRUE
南知多,TRUE
武豊,TRUE
幸田,TRUE
設楽,TRUE
東栄,TRUE
豊根,TRUE
四日市,TRUE
伊勢,TRUE
松阪,TRUE
鈴鹿,TRUE
名張,TRUE
尾鷲,TRUE
亀山,TRUE
鳥羽,TRUE
志摩,TRUE
南伊勢,TRUE
紀北,TRUE
熊野,TRUE
伊賀,TRUE
木曽岬,TRUE
東員,TRUE
菰野,TRUE
大台,TRUE
玉城,TRUE
大紀,TRUE
御浜,TRUE
紀宝,TRUE
大津,TRUE
彦根,TRUE
長浜,TRUE
近江八幡,TRUE
栗東,TRUE
甲賀,TRUE
野洲,TRUE
湖南,TRUE
高島,TRUE
東近江,TRUE
米原,TRUE
竜王,TRUE
愛荘,TRUE
豊郷,TRUE
甲良,TRUE
多賀,TRUE
上京,TRUE
左京,TRUE
中京,TRUE
東山,TRUE
下京,TRUE
右京,TRUE
伏見,TRUE
山科,TRUE
西京,TRUE
福知山,TRUE
舞鶴,TRUE
京丹後,TRUE
綾部,TRUE
宇治,TRUE
宮津,TRUE
亀岡,TRUE
城陽,TRUE
向日,TRUE
長岡京,TRUE
八幡,TRUE
京田辺,TRUE
南丹,TRUE
木津川,TRUE
大山崎,TRUE
久御山,TRUE
井手,TRUE
宇治田原,TRUE
笠置,TRUE
和束,TRUE
精華,TRUE
南山城,TRUE
京丹波,TRUE
伊根,TRUE
与謝野,TRUE
都島,TRUE
此花,TRUE
大正,TRUE
天王寺,TRUE
浪速,TRUE
西淀川,TRUE
東淀川,TRUE
東成,TRUE
生野,TRUE
城東,TRUE
阿倍野,TRUE
住吉,TRUE
東住吉,TRUE
西成,TRUE
淀川,TRUE
住之江,TRUE
平野,TRUE
美原,TRUE
岸和田,TRUE
豊中,TRUE
吹田,TRUE
泉大津,TRUE
高槻,TRUE
貝塚,TRUE
守口,TRUE
枚方,TRUE
茨木,TRUE
八尾,TRUE
泉佐野,TRUE
富田林,TRUE
寝屋川,TRUE
河内長野,TRUE
松原,TRUE
大東,TRUE
和泉,TRUE
箕面,TRUE
柏原,TRUE
羽曳野,TRUE
門真,TRUE
摂津,TRUE
高石,TRUE
藤井寺,TRUE
東大阪,TRUE
四條畷,TRUE
交野,TRUE
大阪狭山,TRUE
阪南,TRUE
島本,TRUE
能勢,TRUE
忠岡,TRUE
熊取,TRUE
田尻,TRUE
太子,TRUE
河南,TRUE
千早赤阪,TRUE
東灘,TRUE
長田,TRUE
須磨,TRUE
垂水,TRUE
姫路,TRUE
尼崎,TRUE
明石,TRUE
西宮,TRUE
洲本,TRUE
芦屋,TRUE
伊丹,TRUE
相生,TRUE
豊岡,TRUE
南あわじ,TRUE
香美,TRUE
加古川,TRUE
西脇,TRUE
宝塚,TRUE
三木,TRUE
高砂,TRUE
三田,TRUE
加西,TRUE
丹波篠山,TRUE
養父,TRUE
丹波,TRUE
朝来,TRUE
淡路,TRUE
宍粟,TRUE
加東,TRUE
猪名川,TRUE
稲美,TRUE
播磨,TRUE
福崎,TRUE
神河,TRUE
上郡,TRUE
新温泉,TRUE
大和高田,TRUE
大和郡山,TRUE
天理,TRUE
橿原,TRUE
桜井,TRUE
五條,TRUE
御所,TRUE
香芝,TRUE
葛城,TRUE
山添,TRUE
平群,TRUE
斑鳩,TRUE
安堵,TRUE
田原本,TRUE
曽爾,TRUE
御杖,TRUE
高取,TRUE
明日香,TRUE
上牧,TRUE
王寺,TRUE
広陵,TRUE
河合,TRUE
大淀,TRUE
下市,TRUE
黒滝,TRUE
天川,TRUE
野迫川,TRUE
十津川,TRUE
下北山,TRUE
上北山,TRUE
東吉野,TRUE
海南,TRUE
橋本,TRUE
串本,TRUE
御坊,TRUE
田辺,TRUE
新宮,TRUE
紀の川,TRUE
岩出,TRUE
紀美野,TRUE
九度山,TRUE
高野,TRUE
湯浅,TRUE
広川,TRUE
有田川,TRUE
由良,TRUE
印南,TRUE
日高川,TRUE
白浜,TRUE
上富田,TRUE
那智勝浦,TRUE
太地,TRUE
古座川,TRUE
北山,TRUE
米子,TRUE
倉吉,TRUE
境港,TRUE
若桜,TRUE
智頭,TRUE
三朝,TRUE
湯梨浜,TRUE
琴浦,TRUE
北栄,TRUE
日吉津,TRUE
大山,TRUE
伯耆,TRUE
日南,TRUE
江府,TRUE
松江,TRUE
益田,TRUE
浜田,TRUE
出雲,TRUE
安来,TRUE
江津,TRUE
雲南,TRUE
奥出雲,TRUE
飯南,TRUE
川本,TRUE
邑南,TRUE
津和野,TRUE
吉賀,TRUE
海士,TRUE
西ノ島,TRUE
知夫,TRUE
隠岐の島,TRUE
倉敷,TRUE
津山,TRUE
玉野,TRUE
笠岡,TRUE
井原,TRUE
総社,TRUE
高梁,TRUE
新見,TRUE
備前,TRUE
瀬戸内,TRUE
赤磐,TRUE
美作,TRUE
早島,TRUE
里庄,TRUE
矢掛,TRUE
鏡野,TRUE
勝央,TRUE
奈義,TRUE
西粟倉,TRUE
久米南,TRUE
美咲,TRUE
吉備中央,TRUE
安佐南,TRUE
安佐北,TRUE
佐伯,TRUE
竹原,TRUE
三原,TRUE
尾道,TRUE
福山,TRUE
三次,TRUE
庄原,TRUE
大竹,TRUE
東広島,TRUE
廿日市,TRUE
安芸高田,TRUE
江田島,TRUE
海田,TRUE
安芸太田,TRUE
大崎上島,TRUE
神石高原,TRUE
下関,TRUE
鳴門,TRUE
長門,TRUE
柳井,TRUE
周防大島,TRUE
宇部,TRUE
防府,TRUE
下松,TRUE
岩国,TRUE
美祢,TRUE
周南,TRUE
山陽小野田,TRUE
和木,TRUE
上関,TRUE
田布施,TRUE
平生,TRUE
小松島,TRUE
牟岐,TRUE
美波,TRUE
吉野川,TRUE
阿波,TRUE
上勝,TRUE
佐那河内,TRUE
石井,TRUE
神山,TRUE
海陽,TRUE
松茂,TRUE
北島,TRUE
藍住,TRUE
上板,TRUE
東みよし,TRUE
高松,TRUE
丸亀,TRUE
坂出,TRUE
善通寺,TRUE
観音寺,TRUE
三豊,TRUE
土庄,TRUE
小豆島,TRUE
東かがわ,TRUE
直島,TRUE
宇多津,TRUE
綾川,TRUE
琴平,TRUE
多度津,TRUE
松山,TRUE
今治,TRUE
宇和島,TRUE
上島,TRUE
久万高原,TRUE
砥部,TRUE
内子,TRUE
伊方,TRUE
八幡浜,TRUE
新居浜,TRUE
西条,TRUE
大洲,TRUE
四国中央,TRUE
西予,TRUE
東温,TRUE
愛南,TRUE
松野,TRUE
鬼北,TRUE
室戸,TRUE
南国,TRUE
須崎,TRUE
土佐清水,TRUE
東洋,TRUE
黒潮,TRUE
宿毛,TRUE
四万十,TRUE
香南,TRUE
奈半利,TRUE
田野,TRUE
安田,TRUE
北川,TRUE
馬路,TRUE
芸西,TRUE
本山,TRUE
大豊,TRUE
大川,TRUE
仁淀川,TRUE
中土佐,TRUE
佐川,TRUE
越知,TRUE
梼原,TRUE
津野,TRUE
門司,TRUE
若松,TRUE
戸畑,TRUE
小倉北,TRUE
小倉南,TRUE
八幡東,TRUE
八幡西,TRUE
博多,TRUE
宗像,TRUE
城南,TRUE
早良,TRUE
大牟田,TRUE
久留米,TRUE
直方,TRUE
飯塚,TRUE
柳川,TRUE
筑後,TRUE
行橋,TRUE
豊前,TRUE
中間,TRUE
小郡,TRUE
筑紫野,TRUE
春日,TRUE
大野城,TRUE
太宰府,TRUE
古賀,TRUE
福津,TRUE
宮若,TRUE
嘉麻,TRUE
糸島,TRUE
宇美,TRUE
篠栗,TRUE
志免,TRUE
須恵,TRUE
久山,TRUE
粕屋,TRUE
水巻,TRUE
岡垣,TRUE
小竹,TRUE
桂川,TRUE
筑前,TRUE
東峰,TRUE
大刀洗,TRUE
大木,TRUE
香春,TRUE
添田,TRUE
糸田,TRUE
大任,TRUE
福智,TRUE
苅田,TRUE
吉富,TRUE
上毛,TRUE
唐津,TRUE
鳥栖,TRUE
多久,TRUE
伊万里,TRUE
武雄,TRUE
小城,TRUE
嬉野,TRUE
吉野ヶ里,TRUE
基山,TRUE
上峰,TRUE
玄海,TRUE
江北,TRUE
太良,TRUE
対馬,TRUE
壱岐,TRUE
五島,TRUE
新上五島,TRUE
佐世保,TRUE
南島原,TRUE
長与,TRUE
時津,TRUE
島原,TRUE
諫早,TRUE
大村,TRUE
平戸,TRUE
松浦,TRUE
西海,TRUE
雲仙,TRUE
川棚,TRUE
波佐見,TRUE
小値賀,TRUE
佐々,TRUE
人吉,TRUE
荒尾,TRUE
水俣,TRUE
山鹿,TRUE
宇土,TRUE
上天草,TRUE
宇城,TRUE
合志,TRUE
玉東,TRUE
南関,TRUE
長洲,TRUE
和水,TRUE
菊陽,TRUE
南小国,TRUE
産山,TRUE
西原,TRUE
南阿蘇,TRUE
御船,TRUE
嘉島,TRUE
益城,TRUE
甲佐,TRUE
山都,TRUE
氷川,TRUE
芦北,TRUE
津奈木,TRUE
多良木,TRUE
湯前,TRUE
水上,TRUE
相良,TRUE
五木,TRUE
山江,TRUE
苓北,TRUE
別府,TRUE
中津,TRUE
日田,TRUE
津久見,TRUE
臼杵,TRUE
竹田,TRUE
豊後高田,TRUE
杵築,TRUE
宇佐,TRUE
豊後大野,TRUE
由布,TRUE
国東,TRUE
姫島,TRUE
日出,TRUE
九重,TRUE
都城,TRUE
延岡,TRUE
小林,TRUE
日向,TRUE
串間,TRUE
門川,TRUE
西都,TRUE
三股,TRUE
高原,TRUE
国富,TRUE
高鍋,TRUE
新富,TRUE
西米良,TRUE
木城,TRUE
川南,TRUE
都農,TRUE
諸塚,TRUE
椎葉,TRUE
高千穂,TRUE
日之影,TRUE
五ヶ瀬,TRUE
鹿屋,TRUE
枕崎,TRUE
阿久根,TRUE
指宿,TRUE
南さつま,TRUE
いちき串木野,TRUE
南大隅,TRUE
中種子,TRUE
宇検,TRUE
屋久島,TRUE
志布志,TRUE
奄美,TRUE
長島,TRUE
湧水,TRUE
東串良,TRUE
錦江,TRUE
西之表,TRUE
薩摩川内,TRUE
日置,TRUE
霧島,TRUE
南九州,TRUE
伊佐,TRUE
十島,TRUE
肝付,TRUE
南種子,TRUE
龍郷,TRUE
喜界,TRUE
徳之島,TRUE
天城,TRUE
伊仙,TRUE
和泊,TRUE
知名,TRUE
与論,TRUE
那覇,TRUE
宜野湾,TRUE
石垣,TRUE
南城,TRUE
与那国,TRUE
浦添,TRUE
名護,TRUE
伊是名,TRUE
久米島,TRUE
糸満,TRUE
豊見城,TRUE
宮古島,TRUE
竹富,TRUE
大宜味,TRUE
今帰仁,TRUE
本部,TRUE
恩納,TRUE
宜野座,TRUE
金武,TRUE
伊江,TRUE
読谷,TRUE
嘉手納,TRUE
北谷,TRUE
北中城,TRUE
中城,TRUE
与那原,TRUE
南風原,TRUE
渡嘉敷,TRUE
座間味,TRUE
粟国,TRUE
渡名喜,TRUE
南大東,TRUE
北大東,TRUE
伊平屋,TRUE
八重瀬,TRUE
多良間,TRUE
